Module code;Module name;Year Level;Programmes;Pre-requisite;Co-requisite;Learning Outcome;Main Content;Credits
APG232;Geology 232;Year 2;BSc Applied Geology 3214 ,BSc Environment and Water Science 3331 ,BSc Applied Geology Extended 3011 ;ESC111, ESC121;None;"Identify crystal forms/systems; describe mineral properties; explain geochemistry principles and sedimentary processes.";"Crystallography; mineral classification; atomic theory; bonding; geochemical principles; sedimentary rock classification.";20
APG234;Geology 234;Year 2;BSc Applied Geology 3214 ,BSc Applied Geology Extended 3011 ;ESC111, ESC121;None;"Understand map construction, rock deformation, and light propagation; use polarized-light microscopes.";"Geological map reading; cross-sections; stress and strain concepts; microscopic mineral identification.";20
APG235;Geology 235;Year 2;BSc Applied Geology 3214 ,BSc Applied Geology Extended 3011 ;ESC111, ESC121;None;"Observe/describe field rock occurrences; locate self in field; produce geological maps and take measurements.";"Characterization and mapping of igneous/metamorphic rocks; structural measurements; report production.";20
APG312;Geology 312;Year 3;BSc Applied Geology 3214 ,BSc Applied Geology Extended 3011 ;APG232, APG234;None;"Outline petroleum history; assess hydrocarbon accumulation; categorize depositional environments; analyze sedimentary systems.";"Petroleum evolution; facies analysis; depositional systems; well logs; seismic exploration; reservoir modeling.";30
APG323;Geology 323;Year 3;BSc Applied Geology 3214 ,BSc Applied Geology Extended 3011 ;APG232, APG234, APG235;None;"Evaluate igneous/metamorphic rock origins and textures; relate mineralogy to chemistry; interpret phase diagrams.";"Igneous and metamorphic rock-forming processes; phase diagrams; origin and evolution of rock types.";30
APG324;Geology 324;Year 3;BSc Applied Geology 3214 ,BSc Applied Geology Extended 3011 ;APG232, APG234, APG235;None;"Reflect on Earth's interior dynamics; evaluate tectonics and ore deposit formation; analyze geochemical data.";"Plate tectonics; Wilson cycle; structural analysis; genetic classification of ore deposits; exploration geochemistry.";30
APG325;Geology 325;Year 3;BSc Applied Geology 3214 ,BSc Applied Geology Extended 3011 ;APG232, APG234, APG235;None;"Apply spatial techniques in geology; analyze interpretation of geospatial data; integrate data into computer models.";"GIS concepts; cartography; geodatabases; 2D/3D modelling; satellite imagery; field mapping.";30
APM112;Mathematics 112;Year 1;BSc Mathematics and Statistical Sciences 3227 ,BSc Physical Science 3233 ;None;MAT105 or MAT104 or MAM152;Apply mathematical methods and techniques in Physical Sciences.;Refer to Faculty of Natural Sciences descriptors (Mathematics and Applied Mathematics).;15
APM123;Applied Mathematics 123;Year 1;BSc Mathematics and Statistical Sciences 3227 ,BSc Physical Science 3233 ;None;MAT105 or MAT104 or MAM152;Refer to Faculty of Natural Sciences descriptors.;Refer to Faculty of Natural Sciences descriptors.;15
BDC211;Biodiversity and Conservation Biology 211;Year 2;BSc Biodiversity and Conservation Biology 3217 ,BSc Environment and Water Science 3331 ,BSc Biodiversity and Conservation Biology Extended 3015 ;LSC142 or LFS152;None;Compulsory module in Biodiversity stream.;Biodiversity and Conservation Biology 211.;20
BDC221;Biodiversity and Conservation Biology 221;Year 2;BSc Biodiversity and Conservation Biology 3217 ,BSc Environment and Water Science 3331 ,BSc Biodiversity and Conservation Biology Extended 3015 ;LSC142 or LFS152;None;Compulsory module in Biodiversity stream.;Biodiversity and Conservation Biology 221.;20
BDC222;Biodiversity and Conservation Biology 222;Year 2;BSc Biodiversity and Conservation Biology 3217 ,BSc Environment and Water Science 3331 ,BSc Biodiversity and Conservation Biology Extended 3015 ;LSC141/142 or LFS151/152;None;Compulsory module in Biodiversity stream.;Biodiversity and Conservation Biology 222.;20
BDC223;Biodiversity and Conservation Biology 223;Year 2;BSc Biodiversity and Conservation Biology 3217 ,BSc Environment and Water Science 3331 ,BSc Biodiversity and Conservation Biology Extended 3015 ;LSC141, LSC142 (or LFS151, LFS152 AND CHE114 (or CHE124, CHE116, CHM126 ;None;Compulsory module in Biodiversity stream.;Biodiversity and Conservation Biology 223.;20
BDC332;Biodiversity and Conservation Biology 332;Year 3;BSc Biodiversity and Conservation Biology 3217 ,BSc Biodiversity and Conservation Biology Extended 3015 ;BDC222;None;Compulsory module in Biodiversity stream.;Biodiversity and Conservation Biology 332.;30
BDC333;Biodiversity and Conservation Biology 333;Year 3;BSc Biodiversity and Conservation Biology 3217 ,BSc Biodiversity and Conservation Biology Extended 3015 ;BDC222, BDC211;None;Compulsory module in Biodiversity stream.;Biodiversity and Conservation Biology 333.;30
BDC334;Biodiversity and Conservation Biology 334;Year 3;BSc Biodiversity and Conservation Biology 3217 ,BSc Biodiversity and Conservation Biology Extended 3015 ;BDC222, BDC211, BDC223;None;Compulsory module in Biodiversity stream.;Biodiversity and Conservation Biology 334.;30
BDC335;Biodiversity and Conservation Biology 335;Year 3;BSc Biodiversity and Conservation Biology 3217 ,BSc Biodiversity and Conservation Biology Extended 3015 ;BDC222, BDC211, BDC221;None;Compulsory module in Biodiversity stream.;Biodiversity and Conservation Biology 335.;30
BTN211;Biotechnology 211;Year 2;BSc Biotechnology 3211 ,BSc Chemical Sciences 3220 ,BSc Medical Bioscience 3230 ;CHE114/124, LSC141/142 (or LFS/MBS equivalents ;None;Compulsory module in Biotechnology stream.;Biotechnology 211.;20
BTN213;Biotechnology 213;Year 2;BSc Biotechnology 3211 ,BSc Chemical Sciences 3220 ,BSc Medical Bioscience 3230 ;CHE114, CHE124, LSC141, LSC142 (or equivalents ;None;Elective module in Biotechnology stream.;Biotechnology 213.;20
BTN215;Biotechnology 215;Year 2;BSc Biotechnology 3211 ,BSc Chemical Sciences 3220 ,BSc Medical Bioscience 3230 ;CHE114/124, LSC141/142 (or equivalents ;None;Compulsory module in Biotechnology stream.;Biotechnology 215.;20
BTN217;Biotechnology 217;Year 2;Bachelor of Pharmacy 3305 ;None;None;Compulsory module in Pharmacy stream.;Biotechnology 217.;15
BTN218;Biotechnology 218;Year 2;BSc Biotechnology 3211 ;CHE114, CHE124, LSC141, LSC142 (or equivalents ;None;Elective module in Biotechnology stream.;Biotechnology 218.;20
BTN222;Biotechnology 222;Year 2;BSc Biotechnology 3211 ;CHE114/124, LSC141/142 (or equivalents ;None;Compulsory module in Biotechnology stream.;Biotechnology 222.;20
BTN223;Biotechnology 223;Year 2;BSc Biotechnology 3211 ,BSc Chemical Sciences 3220 ,BSc Medical Bioscience 3230 ;CHE114/124, LSC141/142 (or equivalents ;None;Compulsory module in Biotechnology stream.;Biotechnology 223.;20
BTN312;Biotechnology 312;Year 3;BSc Biotechnology 3211 ;BTN211, BTN215, BTN222, BTN223;None;Compulsory module in Biotechnology stream.;Biotechnology 312.;30
BTN315;Biotechnology 315;Year 3;BSc Biotechnology 3211 ;BTN211, BTN215, BTN222, BTN223;None;Compulsory module in Biotechnology stream.;Biotechnology 315.;30
BTN316;Biotechnology 316;Year 3;BSc Biotechnology 3211 ;BTN211, BTN215, BTN222, BTN223;None;Compulsory module in Biotechnology stream.;Biotechnology 316.;30
BTN322;Biotechnology 322;Year 3;BSc Biotechnology 3211 ;BTN211, BTN215, BTN222, BTN223;None;Compulsory module in Biotechnology stream.;Biotechnology 322.;30
CHE114;Chemistry 114 (N ;Year 1;BSc Applied Geology 3214 ,BSc Biodiversity 3217 ,BSc Biotechnology 3211 ,BSc Chemical Sciences 3220 ,BSc Physical Science 3233 ,Bachelor of Pharmacy 3305 ,BSc Applied Geology Extended 3011 ,BSc Biodiversity Extended 3015 ;None;None;Apply chemical concepts to naming, forces, stability, and rates of change qualitatively.;Chemistry 114 (N).;15
CHE116;Chemistry 116 (N ;Year 1;BSc Biodiversity 3217 ,BSc Environment and Water Science 3331 ,BSc Medical Bioscience 3230 ,BSc Biodiversity Extended 3015 ;None;None;Refer to Faculty of Natural Sciences descriptors.;Chemistry 116 (N).;15
CHE124;Chemistry 124 (N ;Year 1;BSc Applied Geology 3214 ,BSc Biodiversity 3217 ,BSc Biotechnology 3211 ,BSc Chemical Sciences 3220 ,BSc Physical Science 3233 ,Bachelor of Pharmacy 3305 ,BSc Applied Geology Extended 3011 ,BSc Biodiversity Extended 3015 ;None;None;Apply chemical concepts to real-world phenomena regarding naming, stability, and chemical change.;Chemistry 124 (N).;15
CHM126;Chemistry 126 (N ;Year 1;BSc Biodiversity 3217 ,BSc Environment and Water Science 3331 ,BSc Medical Bioscience 3230 ,BSc Biodiversity Extended 3015 ;None;None;Refer to Faculty of Natural Sciences descriptors.;Chemistry 126 (N).;15
CHM211;Chemistry 211;Year 2;BSc Applied Geology 3214 ,BSc Biodiversity 3217 ,BSc Biotechnology 3211 ,BSc Chemical Sciences 3220 ,BSc Physical Science 3233 ,BSc Applied Geology Extended 3011 ,BSc Biodiversity Extended 3015 ;CHE114, CHE124;None;Describe atomic properties and explain periodic trends.;"Aromatic chemistry; periodic table trends; transition metals; organometallic chemistry.";20
CHM212;Chemistry 212;Year 2;BSc Applied Geology 3214 ,BSc Biodiversity 3217 ,BSc Biotechnology 3211 ,BSc Chemical Sciences 3220 ,BSc Physical Science 3233 ,BSc Applied Geology Extended 3011 ,BSc Biodiversity Extended 3015 ;CHE114, CHE124;None;"Use gravimetric analysis; understand pH titration and thermodynamics laws; examine chemical kinetics.";(Descriptor covers analytical and physical chemistry principles).;20
CHM221;Chemistry 221;Year 2;BSc Chemical Sciences 3220 ;CHE114, CHE124;None;Compulsory module in Level 2.;Chemistry 221.;20
CHM311;Chemistry 311;Year 3;BSc Chemical Sciences 3220 ,BSc Physical Science 3233 ;CHM211, CHM212;None;"Classify organic rearrangements;Synthetic protocols; examine bonding in co-ordination chemistry.";(Descriptor covers organic and inorganic chemistry).;30
CHM312;Chemistry 312;Year 3;BSc Chemical Sciences 3220 ,BSc Physical Science 3233 ;CHM211, CHM212;None;"Use principles of chemical processes; demonstrate corrosion control and electrochemistry role in energy.";"Types of chemical industries; process design; raw materials; industrial processes.";30
CHM321;Chemistry 321;Year 3;BSc Chemical Sciences 3220 ;CHM211, CHM212, CHM221;None;Compulsory module in Level 3.;Chemistry 321.;30
CHM322;Chemistry 322;Year 3;BSc Chemical Sciences 3220 ;CHM211, CHM212, CHM221;None;Compulsory module in Level 3.;Chemistry 322.;30
COS101;Computer Science 101;Year 1;BSc Computer Science 3221 ,BSc Mathematics and Statistical Sciences 3227 ,BSc Physical Science 3233 ;None;None;"Apply problem solving; design algorithms in Java; understand SDLC and OO paradigm.";"Algorithm design; pseudocode; high-level programming; OO design.";30
COS114;Computing Fundamentals 114;Year 1;BSc Applied Geology 3214 ,BSc Biotechnology 3211 ,BSc Computer Science 3221 ,BSc Mathematics and Statistical Sciences 3227 ,BSc Medical Bioscience 3230 ,BSc Physical Science 3233 ;None;None;"Use computers/internet; use worksheets/databases; understand file organization.";Computing Fundamentals 114.;15
COS124;Computing Fundamentals 124;Year 1;BSc Applied Geology 3214 ,BSc Biotechnology 3211 ,BSc Computer Science 3221 ,BSc Mathematics and Statistical Sciences 3227 ,BSc Medical Bioscience 3230 ,BSc Physical Science 3233 ;None;None;Refer to Faculty of Natural Sciences descriptors.;Computing Fundamentals 124.;15
CSC211;Computer Science 211;Year 2;BSc Computer Science 3221 ,BSc Mathematics and Statistical Sciences 3227 ,BSc Physical Science 3233 ;COS101;None;"Implement algorithms; derive time/space complexity; procedural/OO problem solving.";Computer Science 211.;20
CSC212;Computer Science 212;Year 2;BSc Computer Science 3221 ,BSc Mathematics and Statistical Sciences 3227 ,BSc Physical Science 3233 ;COS101;None;"Explain algorithm efficiency and intractable problems; low- and high-level software interaction.";Computer Science 212.;20
CSC311;Computer Science 311;Year 3;BSc Computer Science 3221 ,BSc Mathematics and Statistical Sciences 3227 ,BSc Physical Science 3233 ;CSC211, CSC212;None;Compulsory module in Level 3.;Computer Science 311.;30
CSC312;Computer Science 312;Year 3;BSc Computer Science 3221 ,BSc Mathematics and Statistical Sciences 3227 ,BSc Physical Science 3233 ;CSC211, CSC212;None;Compulsory module in Level 3.;Computer Science 312.;30
ECO151;Economics 151;Year 1;BSc Mathematics and Statistical Sciences 3227 ;None;None;Refer to Faculty of Economic and Management Sciences Calendar for outcomes.;Introduction to Microeconomics 151.;10
ECO152;Economics 152;Year 1;BSc Mathematics and Statistical Sciences 3227 ;None;None;Refer to Faculty of EMS Calendar for outcomes.;Introduction to Macroeconomics 152.;10
ECO231;Economics 231;Year 2;BSc Mathematics and Statistical Sciences 3227 ;ECO151 (or ECO241 ;None;Refer to Faculty of EMS Calendar for outcomes.;Microeconomics 231.;10
ECO232;Economics 232;Year 2;BSc Mathematics and Statistical Sciences 3227 ;ECO152 (or equivalent ;None;Refer to Faculty of EMS Calendar for outcomes.;Macroeconomics 232.;10
ECO235;Economics 235;Year 2;BSc Mathematics and Statistical Sciences 3227 ;ECO151 (or ECO241 ;None;Refer to Faculty of EMS Calendar for outcomes.;Intermediate Mathematical Economics 235.;10
ECO242;Economics 242;Year 2;BSc Mathematics and Statistical Sciences 3227 ;ECO151, ECO152;ECO231;Refer to Faculty of EMS Calendar for outcomes.;Econometrics 242.;10
ECO311;Economics 311;Year 3;BSc Mathematics and Statistical Sciences 3227 ;ECO242;None;Refer to Faculty of EMS Calendar for outcomes.;Econometrics 311.;15
ECO331;Economics 331;Year 3;BSc Mathematics and Statistical Sciences 3227 ;ECO231;None;Refer to Faculty of EMS Calendar for outcomes.;Microeconomics 331.;15
ECO332;Economics 332;Year 3;BSc Mathematics and Statistical Sciences 3227 ;ECO232;None;Refer to Faculty of EMS Calendar for outcomes.;Macroeconomics 332.;15
ECO334;Economics 334;Year 3;BSc Mathematics and Statistical Sciences 3227 ;ECO231, ECO232;None;Refer to Faculty of EMS Calendar for outcomes.;Public Sector Economics 334.;15
ECO335;Economics 335;Year 3;BSc Mathematics and Statistical Sciences 3227 ;ECO231, ECO232;None;"Critically evaluate neoclassical trade theory; apply new trade theory; use graphical analysis.";"Classical/neoclassical trade theory; tariffs; imperfect competition; economic integration.";15
ECO336;Economics 336;Year 3;BSc Mathematics and Statistical Sciences 3227 ;ECO232;None;"Model development economics concepts; analyze developing countries; interpret statistical data.";"Poverty and inequality; growth experiences; agrarian change; capital flows.";15
EED117;English for Educational Development 117;Year 1;BSc Applied Geology 3214 ,BSc Biodiversity 3217 ,BSc Biotechnology 3211 ,BSc Environment and Water Science 3331 ,BSc Mathematics and Statistical Sciences 3227 ,BSc Medical Bioscience 3230 ,BSc Physical Science 3233 ;None;None;"Research topics using databases; integrate research into writing; write argumentative essays/IMRaD.";English for Educational Development 117.;15
EED127;English for Educational Development 127;Year 1;BSc Applied Geology 3214 ,BSc Biodiversity 3217 ,BSc Biotechnology 3211 ,BSc Computer Science 3221 ,BSc Environment and Water Science 3331 ,BSc Mathematics and Statistical Sciences 3227 ,BSc Medical Bioscience 3230 ,BSc Physical Science 3233 ;None;None;(Similar to EED117).;English for Educational Development 127.;15
ESC111;Earth Science 111;Year 1;BSc Applied Geology 3214 ,BSc Biodiversity 3217 ,BSc Environment and Water Science 3331 ,BSc Physical Science 3233 ,BSc Applied Geology Extended 3011 ,BSc Biodiversity Extended 3015 ;None;None;"Explain basic Earth Materials; identify rocks/minerals; grasp stratigraphy and Earth dynamics.";"Structure of Earth; Rock Cycle; Geology of SA; structural geology and mapping.";15
ESC121;Earth Science 121;Year 1;BSc Applied Geology 3214 ,BSc Biodiversity 3217 ,BSc Environment and Water Science 3331 ,BSc Physical Science 3233 ,BSc Applied Geology Extended 3011 ,BSc Biodiversity Extended 3015 ;None;None;"Understand origins of Earth system cycles; synthesise theories; source literature; write academic essays.";"Atmosphere; global radiation balance; climate; weathering; hydrological cycle; biome distribution.";15
EWP211;Environmental and Water Science 211;Year 2;BSc Applied Geology 3214 ,BSc Biodiversity 3217 ,BSc Environment and Water Science 3331 ,BSc Applied Geology Extended 3011 ,BSc Biodiversity Extended 3015 ;ESC111, ESC121;None;"Identify and describe hydrological processes; explain spatial/temporal variation.";Environmental and Water Science 211.;20
EWP221;Environmental and Water Science 221;Year 2;BSc Applied Geology 3214 ,BSc Biodiversity 3217 ,BSc Environment and Water Science 3331 ,BSc Applied Geology Extended 3011 ,BSc Biodiversity Extended 3015 ;ESC111, ESC121;None;"Describe hydro-geologic systems; explain groundwater hydraulics/chemistry; identify water interactions.";"Hydro-geologic system; flow mechanisms; water quality; groundwater dependent ecosystems.";20
EWP222;Environmental and Water Science 222;Year 2;BSc Environment and Water Science 3331 ;ESC111, ESC121;EWP211, EWP221;"Select and apply field methods/equipment; analyze parameters; scientific report writing.";"Field-based sampling; parameter reporting; data analysis methods.";20
EWP311;Geographical Information Systems 311;Year 3;BSc Environment and Water Science 3331 ;EWP211, EWP221, EWP222;None;Demonstrate spatial data query and analysis using GIS tools.;"GIS data/analysis; cartography; statistical data analysis; natural resource studies.";30
EWP312;Environmental and Water Science 312;Year 3;BSc Environment and Water Science 3331 ;EWP211, EWP221, EWP222;None;"Apply aquifer characterisation; evaluate groundwater hydraulics; simulate flow-dynamics.";"Hydrological variability; surface water; river flow; aquifer characterisation; groundwater modelling.";30
EWP321;Environmental and Water Science 321;Year 3;BSc Biodiversity 3217 ,BSc Environment and Water Science 3331 ,BSc Biodiversity Extended 3015 ;EWP211, EWP221;None;"Analyze environmental/water resource management concepts; apply IWRM; addressing SDGs.";"Environmental management; sustainable development; SA water policy; NWRS; IWRM concepts.";30
EWP322;Environmental and Water Science 322;Year 3;BSc Environment and Water Science 3331 ;EWP211, EWP221, EWP222;None;Compulsory module in Level 3.;Environmental and Water Science 322.;30
HUB113;Human Biology 113;Year 1;Bachelor of Pharmacy 3305 ;None;None;"Describe structure/function of proteins, carbohydrates, lipids; explain nutrition/metabolism.";"Chemical compounds; digestive system; early development; skeletal/muscle systems.";15
HUB123;Human Biology 123;Year 1;Bachelor of Pharmacy 3305 ;None;None;Compulsory module in Level 1.;Human Biology 123.;15
IFS132;Information Systems 132;Year 1;BSc Computer Science 3221 ;None;None;Elective module in Level 1.;Information Systems 132.;15
IFS231;Information Systems 231;Year 2;BSc Computer Science 3221 ;IFS131/132, COS101/114, COS124, EED127, ISC153, MAT151/103, MAT104, STA111, IFS131/132, COS101, PHY151, MAT151;None;"Analyze business requirements and processes; identify stakeholder solutions; analyze SDLC.";"Function of analyst; solution design; foundations of data modelling; trending concepts.";20
IFS233;Information Systems 233;Year 2;BSc Computer Science 3221 ;IFS231;None;"Apply project management fundamental concepts (scope, time, budget, risk); evaluate methodologies.";"Relational/OO databases; data modelling; UML; OO design/development lifecycle.";20
IFS316;Information Systems 316;Year 3;BSc Computer Science 3221 ;IFS233, IFS244;None;Refer to Faculty of EMS Calendar for outcomes.;"Requirements analysis; design/build/test; security techniques; collaboration tools.";30
IFS317;Information Systems 317;Year 3;BSc Computer Science 3221 ;IFS316;None;Refer to Faculty of EMS Calendar for outcomes.;Information Systems 317.;30
ISC153;Introduction to Science 153;Year 1;BSc Applied Geology Extended 3011 ,BSc Biodiversity Extended 3015 ;None;"PHY151/LFS151; MAM151/150";Introduction to Science for Extended Curriculum.;(Foundational science content).;30
LFS151;Life Sciences 151 (SF ;Year 1;BSc Biodiversity Extended 3015 ;None;None;Compulsory module in SF Level 1.;Life Sciences 151 (SF).;15
LFS152;Life Sciences 152 (SF ;Year 1;BSc Biodiversity Extended 3015 ;None;None;Compulsory module in SF Level 2.;Life Sciences 152 (SF).;15
LSC141;Life Sciences 141;Year 1;BSc Biodiversity 3217 ,BSc Biotechnology 3211 ,BSc Chemical Sciences 3220 ,BSc Environment and Water Science 3331 ,BSc Medical Bioscience 3230 ;None;None;"Link inorganic chemistry to cell organisation; maintenance of life molecules; explain organelle interaction.";"Origin of living cells; evolution of higher life.";15
LSC142;Life Sciences 142;Year 1;BSc Biodiversity 3217 ,BSc Biotechnology 3211 ,BSc Chemical Sciences 3220 ,BSc Environment and Water Science 3331 ;None;None;"Use basic rules to classify/describe/identify life; write basic scientific reports.";"History of life; diversity (bacteria to viruses); levels of ecology; human impact on biodiversity.";15
MAM115;Mathematics 115 (N ;Year 1;BSc Applied Geology 3214 ,BSc Biotechnology 3211 ,Bachelor of Pharmacy 3305 ;None;None;Compulsory module in Level 1.;Mathematics 115 (N).;15
MAM150;Introduction to Mathematics 150;Year 1;BSc Biodiversity Extended 3015 ;None;None;Compulsory module in SF Level 1.;Introduction to Mathematics 150.;15
MAM151;Mathematics 151 (SF ;Year 1;BSc Applied Geology Extended 3011 ;None;None;Compulsory module in SF Level 1.;Mathematics 151 (SF).;15
MAT105;Mathematics 105;Year 1;BSc Chemical Sciences 3220 ,BSc Computer Science 3221 ,BSc Mathematics and Statistical Sciences 3227 ,BSc Physical Science 3233 ;None;None;Implement methods of Differential/Integral calculus in Life Sciences and Pharmacy.;"introduction to math language; functions (polynomial, rational); graphs; absolute value.";30
MAT211;Mathematics 211;Year 2;BSc Chemical Sciences 3220 ,BSc Computer Science 3221 ,BSc Mathematics and Statistical Sciences 3227 ,BSc Physical Science 3233 ;MAT105 (or equivalent ;None;Compulsory module in Level 2.;Mathematics 211.;20
MAT212;Mathematics 212;Year 2;BSc Chemical Sciences 3220 ,BSc Computer Science 3221 ,BSc Mathematics and Statistical Sciences 3227 ,BSc Physical Science 3233 ;MAT105 (or equivalent ;MAT211;Elective module in Level 2.;Mathematics 212.;20
MAT221;Mathematics 221;Year 2;BSc Chemical Sciences 3220 ,BSc Computer Science 3221 ,BSc Mathematics and Statistical Sciences 3227 ,BSc Physical Science 3233 ;None;MAT211;Compulsory module in Level 2.;Mathematics 221.;20
MAT232;Mathematics 232;Year 2;BSc Mathematics and Statistical Sciences 3227 ,BSc Physical Science 3233 ;APM112, MAT105 (or equivalent ;None;"Solve set theory/logic problems; use combinatorial techniques; solve counting problems in graph theory.";"Axiomatic set theory and logic; enumerative combinatorics; introductory graph theory.";20
MAT311;Mathematics 311;Year 3;BSc Computer Science 3221 ,BSc Mathematics and Statistical Sciences 3227 ,BSc Physical Science 3233 ;MAT211;None;Compulsory module in Level 3.;Mathematics 311.;30
MAT312;Mathematics 312;Year 3;BSc Computer Science 3221 ,BSc Mathematics and Statistical Sciences 3227 ,BSc Physical Science 3233 ;MAT211, MAT212/221;None;"Analyse/simulate models for population systems; stability analysis; find equilibrium.";"Predator-prey models; epidemiology fundamentals; optimal control problems.";30
MAT321;Mathematics 321;Year 3;BSc Computer Science 3221 ,BSc Mathematics and Statistical Sciences 3227 ,BSc Physical Science 3233 ;MAT221;None;"Use theory of groups; carry out proofs; generalize to Rings; construct finite fields.";(Advanced abstract algebra).;30
MAT322;Mathematics 322;Year 3;BSc Computer Science 3221 ,BSc Mathematics and Statistical Sciences 3227 ,BSc Physical Science 3233 ;MAT211, MAT212/221;None;"Implement geometric Brownian motion; use pricing via arbitrage; use vanilla/exotic options.";(Financial mathematics tools).;30
MBS111;Medical Biosciences 111;Year 1;BSc Medical Bioscience 3230 ;None;None;Compulsory module in Medical stream.;Medical Biosciences 111.;15
MBS121;Medical Biosciences 121;Year 1;BSc Medical Bioscience 3230 ;None;None;Compulsory module in Medical stream.;Medical Biosciences 121.;15
MBS231;Medical Biosciences 231;Year 2;BSc Medical Bioscience 3230 ;LSC141/MBS111, MBS121;None;Compulsory module in Level 2.;Medical Biosciences 231.;20
MBS232;Medical Biosciences 232;Year 2;BSc Medical Bioscience 3230 ;LSC141/MBS111, MBS121;None;Knowledge of macro- and microscopic structures.;Medical Biosciences 232.;20
MBS331;Medical Biosciences 331;Year 3;BSc Medical Bioscience 3230 ;MBS231, MBS232;None;Compulsory module in Level 4.;Medical Biosciences 331.;30
MBS332;Medical Biosciences 332;Year 3;BSc Medical Bioscience 3230 ;MBS231, MBS232, MBS331;None;Compulsory module in Level 4.;Medical Biosciences 332.;30
MIC251;Medical Microbiology 251;Year 2;BSc Medical Bioscience 3230 ;LSC141;None;Compulsory module in Medical stream.;Medical Microbiology 251.;20
MIC252;Medical Microbiology 252;Year 2;BSc Medical Bioscience 3230 ;MIC251;None;Compulsory module in Medical stream.;Medical Microbiology 252.;20
MIC353;Medical Microbiology 353;Year 3;BSc Medical Bioscience 3230 ;MIC251, MIC252;None;Compulsory module in Level 4.;Medical Microbiology 353.;30
MIC354;Medical Microbiology 354;Year 3;BSc Medical Bioscience 3230 ;MIC251, MIC252;None;Compulsory module in Level 4.;Medical Microbiology 354.;30
PCE231;Pharmaceutics 231;Year 2;Bachelor of Pharmacy 3305 ;MAM115, PHC123, PHY112;None;"Explain GMP principles; identify dosage forms; use reference sources.";(Descriptor covers pharmaceutics foundations).;15
PCE232;Pharmaceutics 232;Year 2;Bachelor of Pharmacy 3305 ;MAM115, PHC123, PHY112;None;"Explain disperse system stability; physicochemical manipulation; explain rheological properties.";(Descriptor covers product stability).;15
PCE331;Pharmaceutics 331;Year 3;Bachelor of Pharmacy 3305 ;PCE231, PCE232;None;Compulsory Pharmacy module.;Pharmaceutics 331.;15
PCE333;Pharmaceutics 333;Year 3;Bachelor of Pharmacy 3305 ;PHC123, PCE231, PCE232;None;Compulsory Pharmacy module.;Pharmaceutics 333.;15
PCE401;Pharmaceutics 401;Year 4;Bachelor of Pharmacy 3305 ;PCE331, PCE333;None;Elective Pharmacy module.;Pharmaceutics 401.;15
PCE431;Pharmaceutics 431;Year 4;Bachelor of Pharmacy 3305 ;PCE331, PCE333;None;Compulsory Pharmacy module.;Pharmaceutics 431.;15
PCH232;Pharmaceutical Chemistry 232;Year 2;Bachelor of Pharmacy 3305 ;CHE114, CHE124, PCH233/ (min 40% in PCH233 ;None;"Describe therapeutic value of plants; identify medicinal plants or crude drugs.";(Descriptor covers pharmaceutical chemistry of plants).;15
PCH233;Pharmaceutical Chemistry 233;Year 2;Bachelor of Pharmacy 3305 ;CHE114, CHE124;None;Describe principles in analysis and quality control of drugs.;(Descriptor covers drug quality control).;15
PCH312;Pharmaceutical Chemistry 312;Year 3;Bachelor of Pharmacy 3305 ;PCH232, PCH233, BTN216;None;Compulsory Pharmacy module.;Pharmaceutical Chemistry 312.;15
PCH322;Pharmaceutical Chemistry 322;Year 3;Bachelor of Pharmacy 3305 ;PCH232, PCH233, PCH312/ (min 40% in PCH312 ;None;Compulsory Pharmacy module.;Pharmaceutical Chemistry 322.;15
PCH402;Pharmaceutical Chemistry 402;Year 4;Bachelor of Pharmacy 3305 ;PCH312, PCH322;None;Elective Pharmacy module.;Pharmaceutical Chemistry 402.;15
PHA116;Pharmacy 116;Year 1;Bachelor of Pharmacy 3305 ;None;None;Refer to Faculty of Community and Health Sciences Calendar for outcomes.;Main content restricted - consult School of Pharmacy.;15
PHA408;Pharmacy 408;Year 4;Bachelor of Pharmacy 3305 ;PCE331, PCE333, PCH312, PCH322, PHC313, PHC323, PPR314, PPR324;None;"Understand research methods; plan/conduct project; write up results; oral presentation.";"Research proposal structure; project execution; results write-up.";15
PHA426;Pharmacy 426;Year 4;Bachelor of Pharmacy 3305 ;None;None;Compulsory Pharmacy module.;Pharmacy 426.;15
PHA427;Community Engagement 427;Year 4;Bachelor of Pharmacy 3305 ;PCH312, PCH322, PCE331, PCE333;None;Elective Pharmacy module.;Community Engagement 427.;15
PHC123;Pharmacology and Clinical Pharmacy 123;Year 1;Bachelor of Pharmacy 3305 ;HUB123;None;Compulsory Pharmacy module.;Pharmacology and Clinical Pharmacy 123.;15
PHC213;Pharmacology and Clinical Pharmacy 213;Year 2;Bachelor of Pharmacy 3305 ;PHC123, HUB113, HUB123, PHA116;None;Compulsory module in Level 2.;Pharmacology and Clinical Pharmacy 213.;15
PHC223;Pharmacology and Clinical Pharmacy 223;Year 2;Bachelor of Pharmacy 3305 ;HUB113, HUB123, PHC123, PHA116/ (min 40% for PHC213 ;None;Compulsory module in Level 2.;Pharmacology and Clinical Pharmacy 223.;15
PHC313;Pharmacology and Clinical Pharmacy 313;Year 3;Bachelor of Pharmacy 3305 ;PHC213, PHC223;None;Compulsory Pharmacy module.;Pharmacology and Clinical Pharmacy 313.;15
PHC323;Pharmacology and Clinical Pharmacy 323;Year 3;Bachelor of Pharmacy 3305 ;PHC213, PHC223, PHC313/ (min 40% for PHC313 ;None;Compulsory Pharmacy module.;Pharmacology and Clinical Pharmacy 323.;15
PHC403;Pharmacology and Clinical Pharmacy 403;Year 4;Bachelor of Pharmacy 3305 ;PHC313, PHC323;None;Elective Pharmacy module.;Pharmacology and Clinical Pharmacy 403.;15
PHC405;Pharmacology and Clinical Pharmacy 405;Year 4;Bachelor of Pharmacy 3305 ;PCE331, PCE333, PCH312, PCH322, PHC313, PHC323, PPR314, PPR324;None;Compulsory Pharmacy module.;Pharmacology and Clinical Pharmacy 405.;30
PHC423;Pharmacology and Clinical Pharmacy 423;Year 4;Bachelor of Pharmacy 3305 ;PHC313, PHC323, PPR314, PPR324;None;Refer to School of Pharmacy Home Department.;(Level 4 Pharm focus).;(Check)
PHC424;Global Pharmacy 424;Year 4;Bachelor of Pharmacy 3305 ;Determined by home university;None;Demonstrate cultural competence via communication skills.;Global Pharmacy.;15
PHC425;Rational Medicine Use 425;Year 4;Bachelor of Pharmacy 3305 ;PHC323, PPR324;None;"Discuss rational medicine use; apply quantitative methods; describe evidence based medicine.";(Descriptor covers systems for rational medicine use).;15
PHC426;Paediatrics for Pharmacists 426;Year 4;Bachelor of Pharmacy 3305 ;PHC313, PHC323;None;Compulsory module in Level 4.;Pharmacology and Clinical Pharmacy 426.;15
PHY111;Physics 111;Year 1;BSc Chemical Sciences 3220 ,BSc Computer Science 3221 ,BSc Mathematics and Statistical Sciences 3227 ,BSc Physical Science 3233 ;None;MAT103 or MAT105;Refer to Faculty of Natural Sciences descriptors.;"Work and energy; impulse and momentum; rotational equilibrium.";15
PHY112;Physics 112;Year 1;Bachelor of Pharmacy 3305 ;None;None;"Discuss mechanics, hydrostatics, and electricity; solve qualitative/quantitative problems; lab work.";"Science as way of knowing; vectors; equilibrium; elasticity; hydrostatics; dental/pharmacy apps.";15
PHY116;Physics 116;Year 1;BSc Applied Geology 3214 ,BSc Biotechnology 3211 ,BSc Environment and Water Science 3331 ,BSc Mathematics and Statistical Sciences 3227 ;None;None;"Apply scientific approach; understand technologies via modern physics and thermodynamics.";Physics 116 (N).;15
PHY121;Physics 121;Year 1;BSc Chemical Sciences 3220 ,BSc Computer Science 3221 ,BSc Mathematics and Statistical Sciences 3227 ,BSc Physical Science 3233 ;None;MAT103 or MAT105;"Understand wave phenomena and magnetism; apply concepts of vibrations and waves; work in lab.";"Gravitational forces; satellite motion; work and energy; impulse and momentum.";15
PHY126;Physics 126;Year 1;BSc Applied Geology 3214 ,BSc Biotechnology 3211 ,BSc Environment and Water Science 3331 ,BSc Mathematics and Statistical Sciences 3227 ;None;None;Refer to Faculty of Natural Sciences descriptors.;Physics 126 (N).;15
PHY151;Physics 151 (SF ;Year 1;BSc Applied Geology Extended 3011 ;None;MAM151;Compulsory module in SF Level 1.;Physics 151 (SF).;15
PHY152;Physics 152 (SF ;Year 2;BSc Applied Geology Extended 3011 ;None;None;Compulsory module in SF Level 2.;Physics 152 (SF).;15
PHY212;Physics 212;Year 2;BSc Chemical Sciences 3220 ,BSc Computer Science 3221 ,BSc Mathematics and Statistical Sciences 3227 ,BSc Physical Science 3233 ;PHY111/121 OR PHY151/152;MAT211/104/152;Refer to Faculty of Natural Sciences descriptors.;"Basic computational physics; laboratory experiments.";20
PHY217;Physics 217;Year 2;BSc Chemical Sciences 3220 ,BSc Computer Science 3221 ,BSc Environment and Water Science 3331 ,BSc Mathematics and Statistical Sciences 3227 ,BSc Physical Science 3233 ;None;None;Elective module in Level 2.;Physics 217.;20
PHY222;Physics 222;Year 2;BSc Chemical Sciences 3220 ,BSc Computer Science 3221 ,BSc Mathematics and Statistical Sciences 3227 ,BSc Physical Science 3233 ;PHY111/121 OR PHY151/152 AND MAT105/103/152;None;"Solve Classical Mechanics and Electrodynamics problems; utilize mathematical/computer skills.";(Physical science focus).;20
PHY227;Physics 227;Year 2;BSc Chemical Sciences 3220 ,BSc Computer Science 3221 ,BSc Environment and Water Science 3331 ,BSc Mathematics and Statistical Sciences 3227 ,BSc Physical Science 3233 ;PHY116/126 OR PHY111/151;None;"Describe environmental energy issues; present on energy supply; do experimental work.";(Environmental physics focus).;20
PHY314;Physics 314;Year 3;BSc Computer Science 3221 ,BSc Physical Science 3233 ;PHY212, PHY222, MAT211, MAT221;None;Refer to Faculty of Natural Sciences descriptors.;"Quantum physics experiments; data analysis; report writing and presentation skills.";30
PHY317;Physics 317;Year 3;BSc Computer Science 3221 ,BSc Physical Science 3233 ;PHY227;None;"Discuss renewable energy sources; evaluate energy issues in SA; do PV systems sizing.";"Renewable fuels; solar cell design; energy technology in SA; lab applications.";30
PHY324;Physics 324;Year 3;BSc Computer Science 3221 ,BSc Physical Science 3233 ;PHY212, PHY222, MAT211, MAT221;None;Apply kinetic theory of gases to matter properties on thermodynamics basis.;(Statistical mechanics focus).;30
PHY327;Physics 327;Year 3;BSc Computer Science 3221 ,BSc Physical Science 3233 ;PHY212/217, MAT105/103/152;None;"Explain physics/math of astronomy ideas; operate telescopes; use computational modelling.";"Spectra analysis; General relativity; astrophysical fluids; communicating ideas.";30
PPR214;Pharmacy Practice 214;Year 2;Bachelor of Pharmacy 3305 ;PHA116, PHC123;None;Compulsory Pharmacy module.;Pharmacy Practice 214.;10
PPR224;Pharmacy Practice 224;Year 2;Bachelor of Pharmacy 3305 ;PCE231, PHC213, PPR214/ (min 40% in each ;PHC223;Compulsory Pharmacy module.;Pharmacy Practice 224.;15
PPR314;Pharmacy Practice 314;Year 3;Bachelor of Pharmacy 3305 ;PPR214, PPR224;None;Compulsory Pharmacy module.;Pharmacy Practice 314.;15
PPR324;Pharmacy Practice 324;Year 3;Bachelor of Pharmacy 3305 ;PPR214, PPR224, PPR314 (min 40% ;None;Explain, interpret, and apply human resources management theories.;Pharmacy Practice 324.;15
PPR404;Pharmacy Practice 404;Year 4;Bachelor of Pharmacy 3305 ;PPR314, PPR324;None;"Understand pharmacoeconomics role; define terminology; apply economic principles.";"Pharmacoeconomic analyses/modelling; health outcomes research; drug development apps.";15
PPR414;Pharmacy Practice 414;Year 4;Bachelor of Pharmacy 3305 ;PPR314, PPR324;None;Refer to School of Pharmacy descriptors.;"Financial management; CPD and professional portfolio; scenario planning.";15
PPR434;Pharmacy Practice 434;Year 4;Bachelor of Pharmacy 3305 ;PPR314, PPR324;None;Refer to School of Pharmacy Home Department.;(Level 4 Pharm focus).;(Check)
STA111;Statistics 111;Year 1;BSc Biodiversity 3217 ,BSc Computer Science 3221 ,BSc Environment and Water Science 3331 ,BSc Mathematics and Statistical Sciences 3227 ;None;None;"Summarize data; do simple statistical analysis; use computer for data analysis.";"Descriptive statistics; linear regression; probability; inferential stats; Chi-Square.";15
STA121;Statistics 121;Year 1;BSc Computer Science 3221 ,BSc Mathematics and Statistical Sciences 3227 ;None;STA111/125/151 (or equivalent ;Refer to Faculty of Natural Sciences descriptors.;Statistics 121.;15
STA125;Statistics 125;Year 1;BSc Biodiversity 3217 ,BSc Biotechnology 3211 ,BSc Environment and Water Science 3331 ,BSc Medical Bioscience 3230 ;None;None;Compulsory module in Level 2.;Statistics 125.;15
STA151;Statistics 151 (SF ;Year 1;BSc Biodiversity Extended 3015 ;None;None;Compulsory module in SF Level 2.;Statistics 151 (SF).;15
STA211;Statistics 211;Year 2;BSc Computer Science 3221 ,BSc Mathematics and Statistical Sciences 3227 ;MAT105 (or equivalent AND STA111/125/151;None;Refer to Faculty of Natural Sciences descriptors.;"Distribution theory; moments; sampling; reports and graphs.";20
STA221;Statistics 221;Year 2;BSc Computer Science 3221 ,BSc Mathematics and Statistical Sciences 3227 ;STA211 (qualified for exam ;None;Elective module in Level 2.;Statistics 221.;20
STA331;Statistics 331;Year 3;BSc Computer Science 3221 ,BSc Mathematics and Statistical Sciences 3227 ;STA211, STA221;None;Elective module in Level 3.;Statistics 331.;30
STA332;Statistics 332;Year 3;BSc Computer Science 3221 ,BSc Mathematics and Statistical Sciences 3227 ;STA211, STA221;None;"Execute advanced linear models; multivariate regression; execute data analysis via packages.";"Advanced inference; advanced regression analysis; computer output interpretation.";30
STC101;Statistics 101;Year 1; General Science Elective ;None;None;"Show data trends; understand statistical theory (probability, sampling); apply frequency statistics.";"Population and samples; basic concepts; graphing distributions.";15
APG709;Research Project 709;1;BScHons Applied Geology 3710;None;None;"Conduct extensive literature research; perform independent field or laboratory research.";"Research topic literature review; research project proposal; geological setting; field and/or laboratory work; obtaining analytical results; interpretation of data; report writing; oral presentation of report.";30
APG721;Advanced Geology 721;1;BScHons Applied Geology 3710;None;None;Evaluate and understand advanced geological Earth materials.;"Review of the Geological Time Scale; tectonic evolution of the Kalahari, Congo-Tanzania and West African Cratons; anorogenic and orogenic magmatism; Archaean and Proterozoic Metallogeny (Gold, Tin, Copper); development of sedimentary Basins in Africa; precious/base metal and hydrocarbon potentials; Structural Geology in geotectonic context; stress and origin; deformation mechanisms (compressional, extensional, strike-slip); microtectonics; geological field mapping; analysis of petrographic thin sections.";30
APG722;Applied Geochemistry 722;1;BScHons Applied Geology 3710;None;None;Apply geochemical principles to independent research.;"Sample preparation (digestion, extraction); Quality control/assurance; use of GFAAS, XRF and ICP-MS. Low temperature geochemistry: chemical weathering, aqueous geochemistry (speciation, redox), mineral stability diagrams, adsorption. Geochemical prospecting: lithogeochemistry, stream sediment, regolith, biogeochemistry.";20
APG723;Economic Geology and Exploration Techniques 723;1;BScHons Applied Geology 3710;APG321;None;Consult Department for outcomes.;"Mineral economics; geological features of ore deposits; Reconnaissance (desk study, remote sensing); mapping, soil/sediment geochemistry, drilling; Common Geophysical Methods (logging techniques, subsurface characterization); determining depth/structure of bedrock; Exploration data evaluation; Ore resource modelling; reserve estimation.";20
APG724;Geology 724;1;BScHons Applied Geology 3710;None;None;Consult Department for outcomes.;"Hydrocarbon accumulation; Sedimentary environments; Basins and sequence stratigraphy; Reservoir Diagenesis; Source Rock Maturity; Hydrocarbon traps; Log/Core Analysis and calibration; Volume estimates; Reserves.";20
ASP701;Research Project 701;1;BScHons Astrophysics 3793;None;None;"Conduct research; prepare reports and presentations for communicating findings.";"Research project in collaboration with an astrophysics supervisor; technical report writing and presentation of findings.";30
ASP702;Topics in Physics 702;1;BScHons Astrophysics 3793;None;None;"Apply EM theory to physics; calculate energy in electromagnetic radiation.";"Vectors and Tensors; Maxwell's Equations; Electromagnetic Waves; Radiative Processes.";10
ASP703;General Astrophysics 703;1;BScHons Astrophysics 3793, BScHons Physical Science 3714;None;None;"Calculate stellar properties and light output; explain galaxy evolution.";Multi-wavelength astronomy focusing on South African research strengths (Stellar Astronomy, Galaxies, Cosmology).;10
ASP704;Computational Methods in Astronomy 704;1;BScHons Astrophysics 3793;None;None;"Write programs for astrophysical problems; solve differential equations.";Scientific Programming for Astrophysics and Space Science.;20
ASP706;Astrophysical Physics Topics 706;1;BScHons Astrophysics 3793;None;None;Calculate atomic properties and statistical distributions for stars and galaxies.;"Atomic Physics; Statistical Mechanics; Astrophysical Fluid Dynamics.";10
ASP707;Geospace 707;1;BScHons Astrophysics 3793;None;None;"Explain geospace characteristics; calculate plasma parameters.";"Geospace environment, dynamics and structure; Physics from 50 km above Earth to the magnetopause; plasma physics introduction.";10
ASP708;General Relativity 708;1;BScHons Astrophysics 3793;None;None;Consult Department for outcomes.;"General Relativity: Special Relativity; Tensors in SR; Curved Manifolds and Spacetime; Einstein’s Field Equations; Gravitational waves; Black holes.";10
ASP709;Observational Techniques 709;1;BScHons Astrophysics 3793;None;None;Consult Department for outcomes.;"Observational Techniques: Telescopes; Detectors; Photometry; Virtual Observatory; Near Infrared; Polarimetry; Radio telescopes/interferometry; Aperture synthesis; Data Reduction; SALT.";10
ASP710;Cosmology 710;1;BScHons Astrophysics 3793;None;None;Consult Department for outcomes.;"Geometry; Observational parameters; Cosmic Wave Background; Early Universe; Large scale structures; Baryon acoustic oscillations; dark energy.";10
ASP711;Space Science Topics 711;1;BScHons Astrophysics 3793;None;None;Consult Department for outcomes.;"Space Technology; Space Weather; Plasma Physics; Fluid Dynamics; Solar Physics; Space waves.";20
ASP712;Advanced Topics in Astrophysics 712;1;BScHons Astrophysics 3793, BScHons Physical Science 3714;None;None;Describe issues around galaxy formation and evolution.;Advanced topics including galaxy formation and evolutions based on current local and visiting research.;20
ASP713;Electrodynamics 713;1;BScHons Astrophysics 3793;None;None;"Apply Maxwell’s Equations; calculate energy/momentum in EM fields.";"Vectors and Tensors; Maxwell's Equations; EM Waves; Relativity and Electromagnetism; energy and momentum; Single particle motion; Radiative Processes; Antennas.";10
BCB700;Research Project 700;1;BScHons Biodiversity and Conservation Biology 3731;None;None;"Execute research under supervision; communicate findings in oral/written formats.";Subject specific research project depending upon the topics offered by staff in any one year.;40
BCB731;Systematics and Evolution 731;1;BScHons Biodiversity and Conservation Biology 3731;None;None;Understand species concepts, nomenclature, and find taxonomic info.;"Diversity/evolution of Cape Flora and SA plant/animal families; Red Data Species conservation; modern species concepts; nomenclature; electronic keys; molecular systematic techniques.";20
BCB736;Biodiversity Information Management 736;1;BScHons Biodiversity and Conservation Biology 3731;None;None;"Analyse spatial information; model info for resource management.";"GIS and remote-sensing; GPS mapping; Geostatistics; species distribution data; Internet mapping; classification of satellite imagery; biodiversity/taxonomic database principles.";20
BCB738;Marine Biology 738;1;BScHons Biodiversity and Conservation Biology 3731;None;None;Design and execute marine biological field studies and write professional reports.;"Pelagic and benthic ecology; physical/chemical oceanography; role of environment in shaping organisms; diversity and functioning of ecosystems; rocky intertidal habitats.";20
BCB739;Herpetology 739;1;BScHons Biodiversity and Conservation Biology 3731;None;None;"Converse on herpetological diversity; contribute data to national databases.";"Tetrapod evolution; reptile/amphibian systematics/ecology; southern African/global herpetofauna conservation; Field survey, data collection, and research writing.";20
BCB742;Research Method 742;1;BScHons Biodiversity and Conservation Biology 3731;None;None;"Understand research process; evaluate and critique scientific publications.";"Sampling design; research techniques; lab safety; project proposal; field research planning; data presentation; interpreting scientific data; oral/poster presentations.";20
BCB743;Quantitative Ecology 743;1;BScHons Biodiversity and Conservation Biology 3731;None;BCB744;"Understand mechanisms determining diversity; collect ecological data.";"Species assembly processes (neutral/niche mechanisms); distributional patterns (global/regional/local); R tools; multivariate techniques (nMDS, PCA, RDA, cluster analysis).";20
BCB744;Biostatistics 744;1;BScHons Biodiversity and Conservation Biology 3731;None;None;"Design experiments; use biostatistical analysis software.";"Training and skills development with appropriate analytical software including SPSS and R; Data management.";20
BTY701;Molecular Biology and Bioinformatics Practical 701;1;BScHons Biotechnology 3707;None;None;"Practical and technical experience; laboratory safety knowhow.";"Molecular basis of viral vector technologies (types, vaccine delivery, gene therapy); Molecular biology practical components.";15
BTY702;Literature Review 702;1;BScHons Biotechnology 3707;None;None;"Perform literature surveys; construct scientific introductions.";"Literature review construction and survey; preparation of scientific introductions; Academic writing.";15
BTY703;Research Project 703;1;BScHons Biotechnology 3707;None;None;Consult Department for outcomes.;"Biotechnology research project; scientific methodology/writing; data analysis; Laboratory/Health/Chemical safety training.";40
BTY704;Advanced Plant Biotechnology 704;1;BScHons Biotechnology 3707;60% in GEO 3rd Yr;None;Understand advanced plant biotechnology topics.;"Transformation and regeneration; expression systems/gene suppression; Disease and pest resistance; Molecular tools for breeding; Crop modification.";10
BTY709;Genomics 709;1;BScHons Biotechnology 3707;None;None;Consult Department for outcomes.;"DNA/chromosome structure/function; Genes in pedigrees; Physical/genetic mapping; DNA mutations/instability; genome projects; genetic diseases.";10
BTY710;Apoptosis 710;1;BScHons Biotechnology 3707;None;None;Consult Department for outcomes.;"Cell Cycle (checkpoints, CDKs, inhibitors); Cell Death (Necrosis, Apoptosis, terminal differentiation); Apoptosis and disease.";10
BTY711;Advanced Food Microbiology 711;1;BScHons Biotechnology 3707;None;None;Consult Department for outcomes.;"Diversity of food borne microorganisms; adaptations to food environments; food borne pathogens; management of food safety.";10
BTY714;Forensic DNA Analysis 714;1;BScHons Biotechnology 3707, BScHons Medical Bioscience 3721;None;None;Calculate DNA profile matching probability for court evidence.;"Scientific basis of DNA typing; forensic procedures (isolation, RFLP, PCR, automated analysis); interpreting results (degradation, multiple contributors); likelihood ratios.";10
BTY717;Special Topics 717;1;BScHons Biotechnology 3707;None;None;Specialist study of a topic within Biotechnology.;"Specialist study of a topic within Biotechnology; structure variable to suit topic.";10
BTY718;Proteomics 718;1;BScHons Biotechnology 3707;None;None;Consult Department for outcomes.;"Proteomics: sample preparation, quantification, separation; gel/non-gel based comparative analysis; Mass spectrometry identification; applications.";10
BTY719;Biofuels 719;1;BScHons Biotechnology 3707;None;None;Understand biofuel types and value chain improvements.;"Biofuels types (1st/2nd gen); value chain analysis; Biodiesel, biogas, bioethanol; algae; biomass pretreatment; metabolic engineering; drop-in fuels.";10
BTY721;Molecular Mechanisms of Cancer 721;1;BScHons Biotechnology 3707;None;None;Understand cancer manifestations and oncogene regulation.;"Nature of cancer; tumour viruses; oncogenes; growth factors/receptors; signalling circuitry; suppressor genes; pRb and cell cycle; p53 and apoptosis.";10
BTY722;Next Generation Sequencing 722;1;BScHons Biotechnology 3707;None;None;Understand various sequencing technologies and novel applications.;"NGS technology (Sanger, 454, Illumina, Ion Torrent); genomics/metagenomics; transcriptomics; viromics; metabolomics.";10
CHM701;Analytical Chemistry 701;1;BScHons Chemistry 3734;None;None;Apply MS, NMR, and IR spectroscopy methods.;"Advanced mass spectroscopy (ion sources, spectral interpretation); Advanced NMR (1H, 13C, COSY, HETCOR, NOE); Advanced atomic spectrometry (GF-AAS, ICP-AES).";15
CHM702;Organic Chemistry 702;1;BScHons Chemistry 3734;None;None;"Use word/spreadsheet software; work in cooperative groups.";"Terpenes classification; Steroids (conformation, reactivity); Carbohydrates (reactions, nomenclature); Pericyclic reactions; Molecular Orbital Theory; Advanced synthetic methods.";15
CHM703;Inorganic Chemistry 703;1;BScHons Chemistry 3734;None;None;Apply chemical trends of main group elements to rings/cages.;"Inorganic rings/cages/chains; advanced crystal field theory; molecular orbital theory for coordination complexes; bio-inorganic compounds; organometallic compounds (Alkyls, Alkenes, Carbenes); industrial homogenous catalysis.";15
CHM704;Physical Chemistry 704;1;BScHons Chemistry 3734;None;None;Calculate rate constants and thermodynamic parameters.;"Homogeneous gas phase reactions; unimolecular reactions; adsorption isotherms; catalysis; quantum mechanical postulates; hydrogen-like atoms; statistical thermodynamics.";15
CHM705;Applied Chemistry 705;1;BScHons Chemistry 3734;None;None;Describe polymer types and mechanisms of polymerization.;"Homogeneous/heterogenous catalysis in petroleum; electrocatalysis; process design; Temkin adsorption isotherm; characterization of fuel cells; hydrogen economy/storage.";15
CHM707;Research Project 707;1;BScHons Chemistry 3734;None;None;Consult Department for outcomes.;"Process of research; design, synthesis, characterisation, and quantification relevant to selected mini-project.";30
CHM708;Chemistry Advanced Specialist Topics 708;1;BScHons Chemistry 3734;None;None;Perform advanced study in specialist selection of topics.;"Biosensors design; Bio-separations; Drug Delivery (micelles, liposomes, NPs); Bio-organic synthesis; Organometallic oxidation/complexes.";15
CMP716;Research Project Computer Science 716;2;PGDip Computer and Media Application 1627;BIA715 + 45 credits;None;"Define business needs; utilise theoretical knowledge for data solutions.";"Engaging with clients to scope business needs; proposed analytics solutions; multi-stakeholder engagement; research reporting; business communication.";30
COF710;Simulation 710;1;BScHons Statistical Science 3737, BScHons Computational Finance 3739;STA331, STA332, MAT211, MAT221;None;"Apply large number laws; generate random observations.";"Monte Carlo Simulation; Finite Difference Methods; Martingales and Measures in Derivatives.";15
COF711;Computational Finance 711;1;BScHons Statistical Science 3737, BScHons Computational Finance 3739;STA211, STA221, MAT211, MAT221;None;Summarize knowledge and analyze finance problems.;Advanced Time Series Analysis techniques and applications.;15
COF712;Computational Finance 712;1;BScHons Statistical Science 3737, BScHons Computational Finance 3739;STA331 or equivalent;None;Apply laws of large numbers and central limit theorem.;Advanced Probability and Stochastic Processes.;15
COF714;Stochastic Calculus for Finance 714;1;BScHons Mathematical Science 3736, BScHons Computational Finance 3739;None;None;Applied financial engineering and stochastic calculus.;Stochastic Calculus for Finance 714.;15
COF716;Financial Engineering 716;1;BScHons Mathematical Science 3736, BScHons Computational Finance 3739;None;None;Understand pricing of derivatives instruments.;Financial Engineering 716.;15
COF726;Computational Finance 726;1;BScHons Computational Finance 3739, BScHons Statistical Science 3737;STA331 or equivalent;None;Summarise knowledge and analyse risk management problems.;"Risk measurement; analytical methods; value-at-risk methodologies; risk modelling.";15
COS726;Advanced Software Engineering 726;1;BScHons Computer Science 3735;CSC312;None;Interpret/implement principles and tools for quality software development.;"Formal Methods (Z); Cleanroom SE; Component-Based SE; Web Engineering; Reengineering; CASE tools; recent trends in SE.";15
COS731;Project Analysis and Design 731;1;BScHons Computer Science 3735;None;None;Analyse and document business requirements and processes.;"Requirements Engineering; analysis modeling (UML/OOA); design engineering; user interface design; prototyping; project presentation.";15
COS732;Project Implementation and Testing 732;1;BScHons Computer Science 3735;None;None;Apply project management concepts (scope, budget, risk).;"Implementation and testing activities within the Software Development Life-cycle; project presentation.";15
COS734;ICT4D;1;BScHons Computer Science 3735;None;None;Understand the role of technology in development.;Information and Communication Technology for Development.;15
COS735;An Introduction to the Internet of Things 735;1;BScHons Computer Science 3735;None;None;Consult Department for outcomes.;Introduction to the Internet of Things 735.;15
COS736;Big Data Engineering 736;1;BScHons Computer Science 3735, BScHons Statistical Science 3737;None;None;Handle and engineer big data sets.;Big Data Engineering 736.;15
COS737;Computer Science 737  Artificial Intelligence ;1;BScHons Computer Science 3735, BScHons Statistical Science 3737;None;None;Apply artificial intelligence concepts and tools.;Artificial Intelligence 737.;15
COS738;Computer Science 738  Cybersecurity ;1;BScHons Computer Science 3735;None;None;Consult Department for outcomes.;"Cryptography/Cryptology; algorithms/protocols; Digital Forensics; Legislation and Governance; Malware; Social Engineering; Ethics.";15
COS739;Computer Science 739  4IR Special Topics ;1;BScHons Computer Science 3735;None;None;Consult Department for outcomes.;4IR Special Topics determined by staff and industrial partners.;15
COS740;Computer Science 740  Cloud Computing ;1;BScHons Computer Science 3735;None;None;Evaluate and use cloud computing infrastructure.;"Cloud deployment/service models; Cloud architectures and protocols; emerging trends; service provisioning.";15
COS741;Computer Science 741  Applied AI ;1;BScHons Computer Science 3735;CSC311, CSC312;None;Use AI concepts to solve practical problems.;"Predictive Categorization (LDA, k-NN); Machine Learning (Regression, Trees, Neural Networks); Text Mining; Generative AI (LLMs); AI Ethics.";15
COS742;Computer Science 742  Immersive Tech ;1;BScHons Computer Science 3735;None;None;Consult Department for outcomes.;"2D/3D asset development; Good practice for immersive systems; optimisation; basic interactive applications; multimedia integration.";15
COS743;Computer Science 743  Adv Immersive Tech ;1;BScHons Computer Science 3735;None;None;Design immersive technology solutions.;"C# implementation; application development suite; mobile applications; AR frameworks.";15
EWP701;Environmental Assessment and Management 701;1;BScHons Environment and Water Science 3780;None;None;Critically review environmental and water legislation.;"Environmental/water law; EIA process (Risk Assessment, Strategic Assessment); specialist studies (biodiversity, hydrogeology); management plans.";20
EWP702;Advanced Geographical Information Systems 702;1;BScHons Environment and Water Science 3780;None;None;Perform advanced GIS data query and spatial analysis.;"ArcGIS, ILWIS; spatial analytics; geocoding; multi-criteria analysis; Terrain analysis; geodatabase management; coordinate systems; metadata.";20
EWP703;Groundwater Hydrology 703;1;BScHons Environment and Water Science 3780;None;None;Describe hydro-geologic systems and water chemistry.;"Groundwater geophysics; hydraulics; modeling with case studies; geochemical processes; transport/remediation; recharge estimation; governance.";20
EWP704;Surface Water Hydrology 704;1;BScHons Environment and Water Science 3780;None;None;Describe surface water hydrology and processes.;"precipitation variation; infiltration; evapotranspiration; runoff formation; river flow measurement; flood analysis; remote sensing; yield estimation.";20
EWP705;Research Project or Internship 705;1;BScHons Environment and Water Science 3780;None;None;Perform supervised research project or internship.;Supervised research project or internship.;30
EWP707;Anthropocene Rivers 707;1;BScHons Environment and Water Science 3780;None;None;Consult Department for outcomes.;"Fluvial geomorphology; river/wetland classification; biogeomorphology; ecological integrity assessment; ecosystem services; degradation and restoration.";20
MAM707;Ordinary Differential Equations 707;1;BScHons Mathematical Science 3736;None;None;Consult Department for outcomes.;Ordinary Differential Equations 707.;15
MAM709;Number Theory 709;1;BScHons Mathematical Science 3736;None;None;Consult Department for outcomes.;Number Theory 709.;15
MAM710;Graph Theory 710;1;BScHons Mathematical Science 3736, BScHons Statistical Science 3737;None;None;Consult Department for outcomes.;Graph Theory 710.;15
MAM717;Partial Differential Equations 717;1;BScHons Mathematical Science 3736;None;None;Consult Department for outcomes.;Partial Differential Equations 717.;15
MAM727;Measure and Integration 727;1;BScHons Mathematical Science 3736;None;None;Use measure theory and carry out mathematical proofs.;Measure and Integration 727.;15
MAM728;Computational Linear Algebra 728;1;BScHons Mathematical Science 3736, BScHons Computational Finance 3739, BScHons Computer Science 3735;None;None;Matrix theory and linear algebra applications.;"Matrix factorizations (LU, QR); Linear equations (Conditioning, Accuracy); Least squares; Eigenvalue problems; Iterative methods (Jacobi, SOR); SVD.";15
MAM731;Mathematical Physics 731;1;BScHons Mathematical Science 3736;None;None;Explain mathematical physics principles.;"Vector/tensor calculus; special functions; Differential geometry; Hamiltonian mechanics; Relativistic quantum; General Relativity; black hole spacetimes.";15
MAM732;Category Theory and Order Theory 732;1;BScHons Mathematical Science 3736;None;None;Consult Department for outcomes.;Category Theory and Order Theory 732.;15
MAM737;Topology 737;1;BScHons Mathematical Science 3736;None;None;Consult Department for outcomes.;Topology 737.;15
MAM738;Functions of a Complex Variable 738;1;BScHons Mathematical Science 3736;None;None;Consult Department for outcomes.;Functions of a Complex Variable 738.;15
MAM739;Group Theory 739;1;BScHons Mathematical Science 3736;None;None;Consult Department for outcomes.;Group Theory 739.;15
MAM747;Coding Theory 747;1;BScHons Mathematical Science 3736, BScHons Computer Science 3735;None;None;Use coding theory to prove mathematical statements.;"Error-detection/correction; encoding/decoding; dual codes; finite fields; Reed-Solomon/Reed-Muller codes; burst errors; interleaving.";15
MAM748;Project 748;1;BScHons Mathematical Science 3736, BScHons Computational Finance 3739;None;None;"Conduct research; analyze and report findings.";Independent research project topic chosen in consultation with the lecturer.;30
MAM757;Rings and Modules 757;1;BScHons Mathematical Science 3736;None;None;Advanced algebra involving Rings and Modules.;Advanced Rings and Modules 757.;15
MAM767;Functional Analysis 767;1;BScHons Mathematical Science 3736;None;None;Consult Department for outcomes.;Functional Analysis 767.;15
MAM777;Numerical Analysis 777;1;BScHons Mathematical Science 3736;None;None;Consult Department for outcomes.;Numerical Analysis 777.;15
MBS701;Specialist Module in Epidemiology 701;1;BScHons Medical Bioscience 3721;None;None;Consult Department for outcomes.;Specialist Module in Epidemiology 701.;10
MBS702;Advanced Technique Studies 702;1;BScHons Medical Bioscience 3721;None;None;Execute advanced technique studies in bioscience.;"Lab calculations/etiquette; Microscopy; ELISA; Bioinformatics; PCR; Western/Dot blots; Chromatography; Cytotoxicity assay.";20
MBS704;Research Project 704;1;BScHons Medical Bioscience 3721;None;None;Complete independent research project.;"project selection/planning; Budget; Protocol writing; execution; data interpretation; writing of scientific report; public lecture.";50
MBS705;Specialist Module in Anatomical Science 705;1;BScHons Medical Bioscience 3721;None;None;Knowledge of anatomical histology and molecular techniques.;"molecular techniques; writing/publishing reports; specialised anatomical dissection sessions.";10
MBS707;Microbiology of Female Morbidity 707;1;BScHons Medical Bioscience 3721;None;None;Consult Department for outcomes.;Microbiology of Female Morbidity 707.;10
MBS709;Microbiology of Female Morbidity 709;1;BScHons Medical Bioscience 3721;None;None;Consult Department for outcomes.;Apoptosis and Cell Signalling 709.;10
MBS712;Foetal Origins of Adult Disease 712;1;BScHons Medical Bioscience 3721;None;None;Consult Department for outcomes.;"foetal origins hypothesis; role of placenta; maternal nutrition and lifestyle consequences on adult health.";10
MBS713;Advanced Studies in Reproduction and Health 713;1;BScHons Medical Bioscience 3721;None;None;Consult Department for outcomes.;Advanced Studies in Reproduction and Health 713.;10
MBS714;Applied Immunology 714;1;BScHons Medical Bioscience 3721;None;None;Measure immune signaling via various assays.;"antibody production; ELISA; Western Blotting; lymphocyte stimulation; reporter assays; immune signaling measurement.";10
MBS715;Applied Exercise Science 715;1;BScHons Medical Bioscience 3721;None;None;Explain physiological adaptations to training types.;Applied Exercise Science 715.;10
MBS716;Nutrition in Health and Disease 716;1;BScHons Medical Bioscience 3721;None;None;Consult Department for outcomes.;Nutrition in Health and Disease 716.;10
PHY709;Physics 709;1;BScHons Physical Science 3714;None;None;Understand áreas of signals and telecommunications.;Research Module in signals and telecommunications.;30
PHY720;Physics 720;1;BScHons Physical Science 3714, BScHons Computer Science 3735;None;None;Consult Department for outcomes.;"Quantum Physics (Hilbert space, operators); Mathematical Methods; Electromagnetism; Computational Python/Matlab; Monte Carlo; Mathematica analysis.";30
PHY721;Physics 721;1;BScHons Physical Science 3714;None;None;Solve problems associated with accelerators.;"Accelerator Overview; AC optics; diagnostics; Linear Accelerators; beam optics; RF/Vacuum/Injection/Extraction systems; applications.";20
PHY722;Physics 722;1;BScHons Physical Science 3714;None;None;Explain stat mech and quantum principles.;"Thermodynamic probability; perfect gas state; Legendre Transforms; Bose-Einstein/Fermi-Dirac distributions; Scattering; Approximations; X-ray Spectra.";20
PHY723;Nuclear Physics 723;1;BScHons Physical Science 3714;None;PHY720;Consult Department for outcomes.;"Shell/Collective models; NAC experimental methods; isotopes; reactor physics; environmental radioactivity (Radon).";30
PHY724;Theoretical Materials Science 724;1;BScHons Physical Science 3714;None;None;"Apply theory of crystals; study electronic properties.";"Crystalline/amorphous semiconductors; band theory; transport/mobility; Recombination; P-N Junctions; photovoltaic solar cell.";20
PHY725;Applied Materials Science 725;1;BScHons Physical Science 3714;PHY724;None;Apply advanced concepts in Materials Science.;"Diffusion; Phase diagrams; Mechanical properties; Metals; Polymers/composites; Magnetic materials; superconductors; photovoltaics.";20
PHY726;Advanced Analytical Techniques 726;1;BScHons Physical Science 3714, BScHons Computer Science 3735;PHY724;None;Understand photon based analytical techniques.;"Electron Microscopy (SEM, EDS, TEM); preparation techniques; STM; AFM; Hall effect measurements; Profilometry.";30
POP703;Official Statistics 703;1;BScHons Population Studies 3738;None;None;Consult Department for outcomes.;Official Statistics 703.;15
POP706;Survey Methods 706;1;BScHons Population Studies 3738, BScHons Statistical Science 3737;None;None;Consult Department for outcomes.;Survey Methods for Population Studies.;15
POP707;Demographic Analysis 707;1;BScHons Population Studies 3738, BScHons Statistical Science 3737;None;None;Evaluate demographic analysis data.;Demographic Analysis 707.;15
POP708;Gender Issues and Reproductive Health 708;1;BScHons Population Studies 3738;POP707 or equiv;None;Consult Department for outcomes.;Gender Issues and Reproductive Health.;15
POP709;Social Demography 709;1;BScHons Population Studies 3738;POP707 or equiv;None;Consult Department for outcomes.;Social Demography.;15
POP710;Mathematical Demography and Pop Modelling 710;1;BScHons Population Studies 3738, BScHons Statistical Science 3737;POP707 + Maths;None;Consult Department for outcomes.;"population dynamics functions (exponential, stable, stationary); modeling and development planning.";15
POP761;Research Project  Population Studies  761;1;BScHons Population Studies 3738;None;None;Develop short research proposal.;Short research proposal development in population studies.;30
STA501;Applied Statistics 501;1;BScHons Population Studies 3738, BScHons Medical Bioscience 3721;None;None;Critically apply data analysis techniques.;Applied Statistics 501.;15
STA701;Multivariate Analysis 701;1;BScHons Statistical Science 3737;STA331, STA332,  STA739 ;None;Consult Department for outcomes.;Multivariate Analysis 701.;15
STA702;Research Methodology 702;1;BScHons Computational Finance 3739;None;STA501;Design research methodology and produce proposal.;Research Methodology 702.;15
STA705;Theoretical Statistics 705;1;BScHons Statistical Science 3737, BScHons Computational Finance 3739;STA331, STA332, MAT211;None;Apply knowledge of statistical inference.;Theoretical Statistics 705.;15
STA710;Experimental Design 710;1;BScHons Statistical Science 3737;STA331, STA332 or equiv;None;Consult Department for outcomes.;Experimental Design 710.;15
STA733;Biostatistics 733;1;BScHons Population Studies 3738, BScHons Statistical Science 3737;STA331, STA332 or equiv;None;Prepare and analyse dataset via statistical package.;Biostatistics 733.;15
STA736;Statistical Genetics 736;1;BScHons Statistical Science 3737;STA701, STA733, COF712;None;Consult Department for outcomes.;Statistical Genetics 736.;15
STA737;Statistical Modelling 737;1;BScHons Statistical Science 3737;None;None;Consult Department for outcomes.;Statistical Modelling 737.;15
STA738;Applied Analytics 738;1;BScHons Statistical Science 3737;None;None;Consult Department for outcomes.;Applied Analytics 738.;15
STA739;Introductory Multivariate Analysis 739;1;BScHons Statistical Science 3737;None;None;Consult Department for outcomes.;Introductory Multivariate Analysis 739.;15
STA760;Data Mining I 760;1;BScHons Statistical Science 3737, BScHons Computer Science 3735;STA331, STA332 or equiv;None;Consult Department for outcomes.;Data Mining I 760.;15
STA761;Honors Project 761;1;BScHons Statistical Science 3737, BScHons Computational Finance 3739;None;None;Make scope-limited contribution to stats/demography.;Honors Project contribution to Stats/Demography.;30
STA790;Population Projections 790;1;BScHons Population Studies 3738, BScHons Statistical Science 3737;POP707 or equiv;None;Consult Department for outcomes.;"Projections by sex/age; urban/rural; labour force; households; school enrolments; education level; computerized applications.";15
WAT731;IWRM in Practice 731;1;PGDip IWRM 3880;None;None;Critique application of IWRM in project context.;IWRM in Practice 731.;20
WAT732;Water Resources Management 732;1;PGDip IWRM 3880;None;None;Describe water resources system principles.;"Water resources system; planning/implementation; protection/policy; assessment/monitoring; sectors demand; allocation/licensing; institutions/governance.";20
WAT733;Spatial Analysis for IWRM 733;1;PGDip IWRM 3880;None;None;Consult Department for outcomes.;"GIS/remote sensing data management; Terrain analysis; spectral indices (vegetation, water, fire); analytical modelling; suitability mapping.";20
WAT734;Environmental Management and Water Regulations 734;1;PGDip IWRM 3880;None;None;Explain management tools for natural resources.;Environmental Management and Water Regulations 734.;20
WAT735;Water Quality Management 735;1;PGDip IWRM 3880;None;None;Consult Department for outcomes.;"surface/groundwater quality variation processes; classification; sampling design; field equipment; QA/QC reporting.";20
WAT736;Aquatic Ecosystems Management 736;1;PGDip IWRM 3880;None;None;Consult Department for outcomes.;"Ecosystem classification; applied fluvial geomorphology; river/wetland dynamics; integrity bioindicators; ecosystem services measurement/management.";20
WAT737;Environmental Education and Water Security 737;1;PGDip IWRM 3880;None;None;Consult Department for outcomes.;Environmental Education and Water Security 737.;20
WAT738;Water Demand Management for Sustainable Dev 738;1;PGDip IWRM 3880;None;None;Consult Department for outcomes.;Water Demand Management for Sustainable Development 738.;20
AIM803;Mini-Thesis  Research Project  803;1;MSc Mathematical Science 3849;None;None;Review and interpret mathematical material.;Mini-thesis research project.;60
AIM811;Communication Skills, Computing and LaTeX 811;2;MSc Mathematical Science 3849;None;None;Consult Department for outcomes.;Communication Skills, Computing and LaTeX.;7
AIM812;Mathematical Problem Solving 812;2;MSc Mathematical Science 3849;None;None;Consult Department for outcomes.;Mathematical Problem Solving.;7
AIM813;Problem Solving in Physics 813;2;MSc Mathematical Science 3849;None;None;Gain research experience in problem solving.;"Physics of moving objects; electrodynamics; gravity; molecular movement; elementary particles.";7
AIM814;Scientific Software Development in Python 814;2;MSc Mathematical Science 3849;None;None;Consult Department for outcomes.;"imperative programming (sequential, iterative); Modularity; files/strings; overview of scipy library.";7
AIM815;Experimental Mathematics with SAGE 815;2;MSc Mathematical Science 3849;None;None;Consult Department for outcomes.;"computational tools/methods; analysis, number theory and linear algebra problems.";7
AIM816;Selected Topics in the Mathematical Sciences 816;2;MSc Mathematical Science 3849;None;None;Consult Department for outcomes.;"Electromagnetism; Relativity; Quantum mechanics; Non-linear waves; Topology; Robotics; Statistical inference; Complex systems.";7
AIM817;Professional Development and Entrepreneurism 817;2;MSc Mathematical Science 3849;None;None;Consult Department for outcomes.;Professional Development and Entrepreneurism.;7
AIM818;Advanced Topics in Mathematics Science A 818;2;MSc Mathematical Science 3849;None;None;Embark on advanced work in cutting edge physics.;"Probability/Statistics; Number Theory; Algorithms; Complex Analysis; Algebra; Numerical Analysis; Algebraic Graph Theory; Robotics.";77
AIM819;Advanced Topics in Mathematics Science B 819;2;MSc Mathematical Science 3849;None;None;Embark on advanced work in cutting edge physics.;"Probability/Statistics; Number Theory; Algorithms; Complex Analysis; Algebra; Numerical Analysis; Algebraic Graph Theory; Robotics.";77
AIM820;Advanced Topics in the Mathematical Sciences C 820;2;MSc Mathematical Science 3849;None;None;Embark on advanced work in cutting edge physics.;"Probability/Statistics; Number Theory; Algorithms; Complex Analysis; Algebra; Numerical Analysis; Algebraic Graph Theory; Robotics.";77
AIM821;Advanced Topics in the Mathematical Sciences D 821;2;MSc Mathematical Science 3849;None;None;Embark on advanced work in cutting edge physics.;"Probability/Statistics; Number Theory; Algorithms; Complex Analysis; Algebra; Numerical Analysis; Algebraic Graph Theory; Robotics.";77
AIM822;Advanced Topics in the Mathematical Sciences E 822;2;MSc Mathematical Science 3849;None;None;Embark on advanced work in cutting edge physics.;"Probability/Statistics; Number Theory; Algorithms; Complex Analysis; Algebra; Numerical Analysis; Algebraic Graph Theory; Robotics.";77
COF817;Simulation 817;2;MSc Statistical Science 3838, MSc Computational Finance 3093;STA211, STA221, MAT211, MAT221;None;Consult Department for outcomes.;Computational Finance 817.;15
COF818;International Finance 818;2;MSc Computational Finance 3093;None;None;Consult Department for outcomes.;International Finance 818.;15
COF821;Financial Computing 821;2;MSc Computational Finance 3093;STA331 or equivalent;None;Consult Department for outcomes.;"finance application software; data structures and algorithms; project work.";15
COF826;Theoretical Statistics 826;2;MPhil Population Studies 3921, MSc Statistical Science 3838, MSc Computational Finance 3093;STA331, STA332, MAT211, MAT221;None;Consult Department for outcomes.;Theoretical Statistics 826.;15
COF827;Risk Management 827;2;MSc Computational Finance 3093, MSc Statistical Science 3838;STA331 or equivalent;None;Consult Department for outcomes.;Financial Risk Management 827.;15
COF828;Probability and Stochastic Processes 828;2;MSc Statistical Science 3838, MSc Computational Finance 3093;STA331 or equivalent;None;Consult Department for outcomes.;Probability and Stochastic Processes 828.;15
COF829;Time Series Analysis 829;2;MSc Statistical Science 3838, MSc Computational Finance 3093;STA211, STA221, MAT211, MAT221;None;"Evaluate residuals; use ARIMA models.";"EDA; difference equations; ARIMA models/seasonality; estimation/prediction; Spectral density functions; SPSS.";15
COF832;Statistical Arbitrage 832;2;MSc Computational Finance 3093;MAN781, MAN756 or equiv;None;Consult Department for outcomes.;Statistical Arbitrage 832.;15
COF835;Credit Derivatives 835;2;MSc Computational Finance 3093;STA331 or equivalent;None;Consult Department for outcomes.;Credit Derivatives 835.;15
COF836;Linear Financial Models 836;2;MSc Computational Finance 3093;STA331 or equivalent;None;Consult Department for outcomes.;Linear Financial Models 836.;15
NSS803/804;Nanoscience Research Project 803/804;2;MSc Nanoscience 3089;None;None;Consult Department for outcomes.;Research project topics in biomedical sciences, chemistry or physics.;100
NSS809;Central Concepts in Nanoscience 809;2;MSc Nanoscience 3089;None;None;Consult Department for outcomes.;"History/nature of nanoscience; properties of nanomaterials; tubes/rods/particles; interdisciplinary aspects.";4
NSS810;Management for Nanoscientists 810;2;MSc Nanoscience 3089;None;None;Consult Department for outcomes.;"Managing innovation; Networks for projects.";4
NSS811;Advanced Nanobiomedical Science 811;2;MSc Nanoscience 3089;None;None;Consult Department for outcomes.;"bionanotechnology synthesis/encapsulation; medical devices/diagnostics; Physiological/Immunological responses; molecular disease origin.";4
NSS812;Experimental Techniques in Nanobiomedical Science 812;2;MSc Nanoscience 3089;None;None;Consult Department for outcomes.;"live equipment demonstrations; protein expression/purification; molecular biology/genomics; immunoassays.";4
NSS813;Foundations of Nanobiomedical Science  Non-Bio  813;2;MSc Nanoscience 3089;None;None;Describe structural macromolecules/biological forces.;"Biological chemistry (bonds, acids, enzymes); Macromolecules (proteins, nucleic acids); cell structure/metabolic processes.";4
NSS821;Advanced Nanochemistry 821;2;MSc Nanoscience 3089;CHM701, CHM704;None;Consult Department for outcomes.;"Group Theory; advanced characterisation (NMR, XPS, XRD, AFM, Electroanalysis); energy devices; sensors; drug delivery; environmental analysis.";48*
NSS822;Experimental Techniques in Nanochemistry 822;2;MSc Nanoscience 3089;CHM701, CHM705;None;Consult Department for outcomes.;Experimental Techniques in Nanochemistry.;16*
NSS823;Foundations of Nanochemistry  Non-Chem  823;2;MSc Nanoscience 3089;None;None;Consult Department for outcomes.;"ceramics, glasses, polymers; structural properties/crystallography; Tools (FTIR, NMR, UV-Vis, TEM, SEM, AFM, XRD, XPS).";4
NSS831;Advanced Nanophysics 831;2;MSc Nanoscience 3089;PHY724, PHY725, PHY726;None;Consult Department for outcomes.;"Synthesis, nano-structures and nano-devices; characterisation theory; tools (FTIR, Raman, TEM, EDS, EELS, SEM).";48
NSS832;Experimental Techniques in Nanophysics 832;2;MSc Nanoscience 3089;PHY724, PHY725, PHY726;None;Consult Department for outcomes.;Experimental Techniques in Nanophysics.;16
NSS833;Foundations of Nanophysics  Non-Phys  833;2;MSc Nanoscience 3089;None;None;Consult Department for outcomes.;"Quantum physics; nanomaterials (semiconductors, quantum dots); crystallography/reactivities; tools (EBSD, AFM, Auger).";4
PAR803/804;Mini Thesis 803/804;2;MSc Pharmacy Admin and Policy Regulation 3859;None;None;Consult Department for outcomes.;Pharmacy Admin and Policy Mini-Thesis.;60
PAR811;Ethics 811;2;MSc Pharmacy Admin and Policy Regulation 3859;None;None;Consult Department for outcomes.;"pharmaceutical/health ethics; medical research benefit; Humanitarian issues.";10
PAR812;Common Technical Document 812;2;MSc Pharmacy Admin and Policy Regulation 3859;None;None;Consult Department for outcomes.;"Administrative/prescribing information; GMP; Non-clinical and clinical study reports.";10
PAR813;Regulatory Science 813;2;MSc Pharmacy Admin and Policy Regulation 3859;None;None;Interpret regulation of Generic medicines.;"legislation/regulations/science of Biosimilars; quality, safety, efficacy investigation.";10
PAR814;Comp and Trad Medicines and Regulation 814;2;MSc Pharmacy Admin and Policy Regulation 3859;None;None;Consult Department for outcomes.;Complementary and Traditional Medicines and their Regulation.;10
PAR815;Regulatory Science and Medical Devices 815;2;MSc Pharmacy Admin and Policy Regulation 3859;None;None;Consult Department for outcomes.;Regulatory Science and Medical Devices.;10
PAR816;Pharmacovigilance 816;2;MSc Pharmacy Admin and Policy Regulation 3859;None;None;Consult Department for outcomes.;Pharmacovigilance 816.;10
PAR817;Regulatory Affairs 817;2;MSc Pharmacy Admin and Policy Regulation 3859;None;None;Consult Department for outcomes.;Regulatory Affairs 817.;10
PAR818;Research Methods 818;2;MSc Pharmacy Admin and Policy Regulation 3859;None;None;Consult Department for outcomes.;Research Methods 818.;10
PAR819;Leadership and Negotiations 819;2;MSc Pharmacy Admin and Policy Regulation 3859;None;None;Consult Department for outcomes.;Leadership and Negotiations 819.;10
PAR820;Clinical Trials and Statistics 820;2;MSc Pharmacy Admin and Policy Regulation 3859;None;None;Consult Department for outcomes.;Clinical Trials and Statistics 820.;20
PAR821;Health Economics 821;2;MSc Pharmacy Admin and Policy Regulation 3859;None;None;Consult Department for outcomes.;Health Economics 821.;10
PHC803/804;Mini-Thesis in Clinical Pharmacy 803/804;2;Master of Clinical Pharmacy 3852;None;None;Consult School of Pharmacy for outcomes.;Pharmacology Mini-Thesis.;60*
PHC811;Intro to Clinical Pharmacy and Pharm Care 811;1;Master of Clinical Pharmacy 3852;BPharm;None;Consult School of Pharmacy for outcomes.;"Pharmacology Postgraduate Modules; Content restricted - consult School of Pharmacy.";10*
PHC812;EBM, Rational Medicine Use and Pharmacopidemiology 812;1;Master of Clinical Pharmacy 3852;BPharm;None;Consult School of Pharmacy for outcomes.;"Pharmacology Postgraduate Modules; Content restricted - consult School of Pharmacy.";10*
PHC814;Applied Pharmacokinetics 814;2;Master of Clinical Pharmacy 3852;None;None;Consult School of Pharmacy for outcomes.;"Pharmacology Postgraduate Modules; Content restricted - consult School of Pharmacy.";10*
PHC815;Pharmaceutical Care – Adult Medicine  1  815;2;Master of Clinical Pharmacy 3852;None;None;Consult School of Pharmacy for outcomes.;"Pharmacology Postgraduate Modules; Content restricted - consult School of Pharmacy.";10*
PHC816;Pharmaceutical Care – Paediatrics 816;2;Master of Clinical Pharmacy 3852;PHC811, PHC812;None;Consult School of Pharmacy for outcomes.;"Pharmacology Postgraduate Modules; Content restricted - consult School of Pharmacy.";10*
PHC820;Pharmaceutical Care - Adult Medicine  2  820;2;Master of Clinical Pharmacy 3852;None;None;Consult School of Pharmacy for outcomes.;"Pharmacology Postgraduate Modules; Content restricted - consult School of Pharmacy.";10*
PHC821;Advanced Pharmaceutical Care – HIV 821;2;Master of Clinical Pharmacy 3852;PHC811, PHC812;None;Consult School of Pharmacy for outcomes.;"Pharmacology Postgraduate Modules; Content restricted - consult School of Pharmacy.";10*
PHC822;Advanced Pharmaceutical Care – Oncology 822;2;Master of Clinical Pharmacy 3852;PHC811, PHC812;None;Consult School of Pharmacy for outcomes.;"Pharmacology Postgraduate Modules; Content restricted - consult School of Pharmacy.";10*
PHC823;Advanced Pharmaceutical Care – Critical Care 823;2;Master of Clinical Pharmacy 3852;PHC811, PHC812;None;Consult School of Pharmacy for outcomes.;"Pharmacology Postgraduate Modules; Content restricted - consult School of Pharmacy.";10*
PHY820;Quantum Mechanics 820;2;MSc Physical Science 3081;None;None;Consult Department for outcomes.;Quantum Mechanics 820.;30
PHY830;Nuclear Physics 830;2;MSc Physical Science 3081;None;None;"Use second quantisation; solve relativistic problems.";"Second quantisation; Dirac equation; Relativistic Quantum Mechanics; Scattering theory.";30
PHY840;Solid State Physics 840;2;MSc Physical Science 3081;None;None;"Use Green functions; calculate phonon properties.";"Nuclear models; Nuclear reactions; Interface between low energy nuclear physics and particle physics.";30
PHY850;Physics Education 850;2;MSc Physical Science 3081;None;None;Explain effect of curriculum on learning.;Physics Education: impact of curriculum on learning.;30
PHY860;Mathematical Methods of Physics 860;2;MSc Physical Science 3081;None;None;"Use Tensor analysis; solve scattering problems.";"Tensor analysis; Complex analysis; Sturm Liouville theory; Integral equations; Green functions.";30
POP807;Demographic Analysis 807;2;MPhil Population Studies 3921;None;None;Consult Department for outcomes.;Advanced Demographic Analysis.;15
POP809;Official Statistics 809;2;MPhil Population Studies 3921;None;None;Consult Department for outcomes.;Official Statistics 809.;15
POP811;Survey Methods 811;2;MPhil Population Studies 3921;None;None;Consult Department for outcomes.;Survey Methods for Population Studies.;15
POP812;Population Projections 812;2;MPhil Population Studies 3921;POP807 or equiv;None;Consult Department for outcomes.;Population Projections 812.;15
POP813;African Historical Demography 813;2;MPhil Population Studies 3921;POP807 or equiv;None;Consult Department for outcomes.;African Historical Demography 813.;15
POP814;Social Demography 814;2;MPhil Population Studies 3921;POP807 or equiv;None;Critical analysis of reproductive health data.;Social Demography 814.;15
POP815;Gender Issues and Reproductive Health 815;2;MPhil Population Studies 3921;POP807 or equiv;None;Analysis of gender equity and contraception.;Gender Issues and Reproductive Health 815.;15
POP848;Math Demography and Pop Modelling 848;2;MPhil Population Studies 3921;POP807 + Maths;None;Consult Department for outcomes.;Mathematical Demography and Population Modelling 848.;15
STA800;Data Mining II 800;2;MSc Statistical Science 3838;STA331, STA332 or equiv;None;Produce scientific report of findings.;Advanced Data Mining II.;15
STA801/802;Statistics Master’s Thesis 801/802;2;MSc Statistical Science 3838, MSc Computational Finance 3093;STA810 or equivalent;None;Contribution to field of Statistics following research.;Statistics Master’s Thesis research and production.;180
STA803/804;Statistics Mini-Thesis 803/804;2;MSc Statistical Science 3838, MSc Computational Finance 3093, MPhil Population Studies 3921;STA810 or equivalent;None;Contribution to field of Stats/Demography knowledge.;Statistics Master’s Mini-Thesis research and production.;120
STA810;Research Methodology 810;1;MSc Statistical Science 3838;None;None;Consult Department for outcomes.;Advanced Research Methodology.;15
STA829;Multivariate Analysis 829;2;MSc Statistical Science 3838, MPhil Population Studies 3921;STA853 or equiv + SAS;None;Critically analyse multivariate data sets.;Advanced Multivariate Analysis.;15
STA830;Experimental Design 830;2;MSc Statistical Science 3838, MPhil Population Studies 3921;STA331, STA332 or equiv;None;Consult Department for outcomes.;Advanced Experimental Design.;15
STA835;Biostatistics 835;2;MSc Statistical Science 3838, MSc Medical Biosciences 3819, MPhil Population Studies 3921;STA331, STA332 or equiv;None;Consult Department for outcomes.;Biostatistics in clinical/health research.;15
STA837;Statistical Genetics 837;1;MSc Statistical Science 3838;None;None;Consult Department for outcomes.;Statistical Genetics 837.;15
STA839;Industry Research Project 839;2;MSc Statistical Science 3838, MSc Computational Finance 3093, MPhil Population Studies 3921;STA810 + 3 electives;None;Contribution with limited scope to Statistics/Data Science.;"conceptual foundations of industry research; project planning; objectives formulation; design/measurement; report writing.";90
STA841;Business Intelligence 841;2;MSc Statistical Sciences 3838;None;None;Consult Department for outcomes.;"Business Intelligence techniques; ethical data handling; prepare big data for mining; analytical tools.";15
STA842;Contemporary Business Analysis 842;2;MSc Statistical Sciences 3838;None;None;"Mine text; analyse web, geospatial, and customer data.";Contemporary Business Analysis 842.;15
STA843;Multicriteria Decision Making 843;2;MSc Statistical Sciences 3838;None;None;Consult Department for outcomes.;Multicriteria Decision Making 843.;15
STA853;Matrix Methods 853;2;MSc Statistical Sciences 3838;STA331, STA332, MAT211, MAT221;None;Critically utilise matrix operations in statistical context.;Vector and Matrix theory for advanced statistics.;15
